t,Tempo Paralelo, Tempo Serial
5865,499275.0,864111.6666666666
11730,909860.6666666666,1658264.3333333333
15640,1391586.6666666667,2834060.6666666665
